video_id,emotion,emotion_intensity,video_duration,engagement_score,category,theme
V0001,excited,4,16,16.53483623495181,educational,motivation
V0002,stressed,6,17,35.54459017107061,entertainment,daily_humor
V0003,disappointed,4,26,46.23513480712475,inspirational,motivation
V0004,anxious,6,35,56.00752286881993,news,mental_health
V0005,happy,5,43,55.20281062145587,news,mental_health
V0006,happy,3,17,23.737932780830004,news,mental_health
V0007,happy,1,52,120.0,news,politics
V0008,lonely,6,25,37.467655042141395,news,mental_health
V0009,anxious,6,29,50.04374094231861,entertainment,relationships
V0010,angry,8,18,36.167713566432,entertainment,daily_humor
V0011,happy,3,10,12.071446572983227,entertainment,relationships
V0012,stressed,8,43,45.908377927964125,inspirational,motivation
V0013,disappointed,5,41,52.44495946736752,inspirational,motivation
V0014,happy,2,25,11.972700016309398,educational,motivation
V0015,happy,3,31,35.782518028839874,news,politics
V0016,happy,4,37,34.21849083732811,inspirational,motivation
V0017,neutral,1,10,7.578539647573498,educational,academic_stress
V0018,anxious,7,22,120.0,entertainment,mental_health
V0019,excited,4,41,43.957645824546006,inspirational,mental_health
V0020,neutral,1,11,12.586509391959906,educational,motivation
V0021,anxious,10,34,47.411521167293785,news,mental_health
V0022,happy,1,10,21.02216577713406,entertainment,mental_health
V0023,neutral,1,36,88.31954107862707,inspirational,mental_health
V0024,excited,6,29,36.28189472445974,inspirational,motivation
V0025,excited,4,10,5.0,inspirational,motivation
V0026,disappointed,3,47,74.49368509307001,entertainment,mental_health
V0027,happy,5,18,21.587243218867364,inspirational,motivation
V0028,anxious,5,17,29.348095357859993,news,mental_health
V0029,anxious,7,33,49.5544677578635,entertainment,relationships
V0030,happy,3,47,50.38631833825028,news,politics
V0031,anxious,6,14,13.552836166330165,educational,motivation
V0032,happy,5,30,36.593889144640286,entertainment,relationships
V0033,happy,5,36,120.0,entertainment,relationships
V0034,stressed,6,40,70.22703660526689,educational,academic_stress
V0035,stressed,9,32,120.0,educational,motivation
V0036,disappointed,4,24,36.21260418395703,news,politics
V0037,neutral,1,17,24.302065989184214,entertainment,relationships
V0038,happy,2,31,92.9433100560937,news,politics
V0039,angry,7,13,17.721108121836412,educational,academic_stress
V0040,excited,4,10,14.053092458172888,entertainment,mental_health
V0041,happy,6,36,120.0,entertainment,mental_health
V0042,anxious,9,43,120.0,news,mental_health
V0043,happy,4,10,13.32811931033257,entertainment,mental_health
V0044,lonely,7,14,13.490284517826298,news,mental_health
V0045,neutral,2,39,23.599278455641013,inspirational,motivation
V0046,angry,7,60,120.0,news,mental_health
V0047,neutral,1,30,120.0,entertainment,mental_health
V0048,anxious,6,19,16.791797777971095,educational,academic_stress
V0049,anxious,7,27,52.78711621703012,inspirational,motivation
V0050,happy,3,50,120.0,educational,motivation
V0051,stressed,7,20,26.964802905428137,inspirational,motivation
V0052,disappointed,2,18,28.377341179697083,entertainment,daily_humor
V0053,stressed,7,22,120.0,inspirational,motivation
V0054,lonely,6,15,18.615115324295246,news,politics
V0055,anxious,7,31,41.01685578591294,inspirational,mental_health
V0056,stressed,4,54,101.54959101731859,entertainment,mental_health
V0057,happy,3,34,46.32337335079214,news,politics
V0058,happy,6,26,92.85494986949188,entertainment,relationships
V0059,happy,3,25,43.27357355325252,entertainment,relationships
V0060,neutral,1,10,93.45596280964223,news,mental_health
V0061,excited,8,43,66.45455453919733,inspirational,motivation
V0062,neutral,1,28,27.771204736453395,inspirational,mental_health
V0063,disappointed,2,27,42.31971647860534,news,mental_health
V0064,excited,1,77,120.0,entertainment,relationships
V0065,neutral,2,34,43.73708764199256,entertainment,mental_health
V0066,anxious,7,18,28.505986323667166,news,politics
V0067,happy,5,23,50.875339690323955,entertainment,mental_health
V0068,disappointed,5,47,44.180114027623745,educational,motivation
V0069,happy,6,31,83.36016980508178,entertainment,daily_humor
V0070,stressed,7,10,25.895317877772147,entertainment,relationships
V0071,disappointed,5,43,120.0,entertainment,daily_humor
V0072,happy,6,19,29.487760985751702,entertainment,relationships
V0073,happy,5,58,40.99666944233603,educational,academic_stress
V0074,disappointed,5,46,52.1708477269148,educational,motivation
V0075,angry,4,23,22.067601199585027,inspirational,mental_health
V0076,angry,6,49,87.26949475598572,entertainment,relationships
V0077,disappointed,3,31,92.37432252655611,entertainment,daily_humor
V0078,happy,6,42,120.0,news,mental_health
V0079,excited,5,37,48.80476989347895,entertainment,mental_health
V0080,happy,6,17,29.165003758575107,inspirational,motivation
V0081,lonely,6,20,49.69385937670816,news,mental_health
V0082,angry,5,45,48.64625305629988,educational,motivation
V0083,neutral,1,24,88.88430602006497,entertainment,mental_health
V0084,happy,3,23,74.3326556739144,inspirational,motivation
V0085,neutral,1,15,20.657157759249642,inspirational,mental_health
V0086,neutral,3,36,80.86978611311372,entertainment,daily_humor
V0087,angry,8,60,104.48452143478005,news,mental_health
V0088,angry,8,13,19.75394353606418,educational,motivation
V0089,lonely,5,30,50.53473283855578,inspirational,mental_health
V0090,excited,4,51,120.0,entertainment,relationships
V0091,happy,4,28,36.70494622046505,inspirational,motivation
V0092,angry,5,36,48.81711353864237,news,politics
V0093,disappointed,4,14,35.928421600274746,news,mental_health
V0094,anxious,7,36,120.0,entertainment,daily_humor
V0095,disappointed,4,27,120.0,entertainment,daily_humor
V0096,anxious,8,44,60.16609887166467,educational,academic_stress
V0097,anxious,6,47,98.96927400210375,entertainment,mental_health
V0098,excited,6,68,84.91776393585357,educational,motivation
V0099,happy,3,38,120.0,news,mental_health
V0100,happy,3,34,48.713908230114214,entertainment,mental_health
V0101,happy,3,32,37.15502251654611,educational,motivation
V0102,angry,7,24,30.117203222487277,inspirational,motivation
V0103,neutral,1,35,36.17424261461791,inspirational,mental_health
V0104,anxious,7,25,53.485930692659295,inspirational,mental_health
V0105,lonely,6,32,42.5493304690547,inspirational,mental_health
V0106,neutral,1,49,27.503991380054792,educational,motivation
V0107,excited,4,14,27.837062003890214,entertainment,relationships
V0108,disappointed,5,47,58.8611119017642,news,mental_health
V0109,neutral,1,49,43.04180960982239,news,politics
V0110,happy,4,28,37.72196007624372,educational,academic_stress
V0111,neutral,2,10,57.75331714354922,news,mental_health
V0112,happy,3,20,33.32113867631602,entertainment,mental_health
V0113,stressed,6,49,84.01126271373536,entertainment,mental_health
V0114,disappointed,3,29,37.38371564253337,entertainment,daily_humor
V0115,angry,6,15,38.88537747299747,entertainment,daily_humor
V0116,lonely,4,22,51.477085512209506,entertainment,daily_humor
V0117,disappointed,4,42,98.4720347567702,educational,motivation
V0118,happy,3,38,54.57348829674177,inspirational,motivation
V0119,lonely,6,26,91.09032431426594,entertainment,daily_humor
V0120,anxious,5,24,15.87904032614511,educational,motivation
V0121,disappointed,5,24,28.999143330355686,inspirational,motivation
V0122,lonely,4,16,8.5318642821508,inspirational,mental_health
V0123,neutral,1,54,120.0,inspirational,motivation
V0124,happy,3,25,36.47186482891737,news,mental_health
V0125,neutral,1,48,69.5260081312105,news,politics
V0126,excited,5,52,86.61621209458906,entertainment,relationships
V0127,disappointed,6,44,53.31711601337125,educational,motivation
V0128,lonely,7,23,48.601501195662564,entertainment,mental_health
V0129,happy,5,36,52.51133576537824,entertainment,daily_humor
V0130,anxious,7,29,49.18275412249997,entertainment,daily_humor
V0131,excited,6,16,28.14947545116118,news,mental_health
V0132,neutral,1,34,30.612289341979224,entertainment,relationships
V0133,happy,2,12,31.786730393606348,educational,motivation
V0134,neutral,2,47,120.0,entertainment,mental_health
V0135,stressed,7,23,63.06695703637826,news,politics
V0136,neutral,1,33,24.475697603217384,educational,academic_stress
V0137,anxious,8,34,35.52876217278476,inspirational,mental_health
V0138,angry,5,26,39.905633726343204,entertainment,relationships
V0139,excited,3,38,56.90883219327443,entertainment,daily_humor
V0140,stressed,5,22,37.478520302657714,entertainment,mental_health
V0141,stressed,7,43,79.5812635162672,news,mental_health
V0142,neutral,1,10,22.171672125069332,entertainment,relationships
V0143,anxious,5,31,42.57213298895179,news,politics
V0144,neutral,1,59,120.0,entertainment,mental_health
V0145,neutral,2,14,21.963612944839706,entertainment,daily_humor
V0146,happy,4,19,25.671411896236453,inspirational,motivation
V0147,anxious,6,37,58.75423950630509,news,politics
V0148,anxious,5,32,54.267660721047456,news,mental_health
V0149,happy,6,35,44.85288500569347,inspirational,motivation
V0150,neutral,1,37,120.0,inspirational,motivation
V0151,lonely,4,39,120.0,news,mental_health
V0152,neutral,2,46,56.05321040675384,news,mental_health
V0153,happy,6,36,120.0,news,politics
V0154,excited,5,26,120.0,news,mental_health
V0155,stressed,7,40,120.0,news,politics
V0156,neutral,1,58,120.0,news,politics
V0157,angry,4,28,30.105232631547455,educational,motivation
V0158,disappointed,4,15,15.660716359950296,inspirational,mental_health
V0159,neutral,2,46,54.47751234350035,inspirational,motivation
V0160,angry,6,28,23.61803220749073,educational,motivation
V0161,excited,3,10,120.0,news,mental_health
V0162,angry,5,42,32.30357073255966,educational,academic_stress
V0163,angry,6,21,89.71587740976486,entertainment,daily_humor
V0164,anxious,5,28,70.63318910028663,news,politics
V0165,happy,2,34,120.0,educational,academic_stress
V0166,disappointed,4,32,120.0,news,politics
V0167,neutral,1,40,68.51382037104624,news,politics
V0168,happy,4,23,32.84296200838887,entertainment,relationships
V0169,happy,4,37,34.73607338477349,educational,motivation
V0170,anxious,5,26,59.367974030451315,entertainment,daily_humor
V0171,angry,8,41,68.16185843193222,news,mental_health
V0172,happy,3,39,51.70233029198891,inspirational,mental_health
V0173,anxious,6,15,70.75655306309076,news,politics
V0174,neutral,1,46,47.754368620574404,entertainment,relationships
V0175,angry,8,21,32.41926975235196,news,mental_health
V0176,happy,5,42,48.58262839437836,entertainment,mental_health
V0177,angry,5,35,46.92044356518671,news,mental_health
V0178,excited,7,57,75.27215315905886,educational,motivation
V0179,stressed,5,26,76.3335216123001,news,politics
V0180,happy,5,24,37.91616652612203,entertainment,relationships
V0181,excited,5,29,61.208528570748534,inspirational,mental_health
V0182,happy,4,25,61.29029567971769,entertainment,mental_health
V0183,stressed,8,41,104.50141950051301,news,politics
V0184,lonely,4,10,11.234525871242447,inspirational,mental_health
V0185,neutral,3,14,22.58209952682681,educational,motivation
V0186,angry,7,13,16.037554580050244,inspirational,motivation
V0187,disappointed,4,44,120.0,news,politics
V0188,anxious,7,55,42.91163722534113,educational,motivation
V0189,anxious,6,28,63.912793840780466,entertainment,daily_humor
V0190,neutral,1,27,120.0,news,mental_health
V0191,happy,4,31,59.440118806335846,educational,motivation
V0192,lonely,8,47,79.14478677123684,entertainment,mental_health
V0193,lonely,5,16,56.30546975460657,entertainment,daily_humor
V0194,angry,10,33,58.61428017367639,news,mental_health
V0195,neutral,1,44,41.206419258370516,educational,motivation
V0196,excited,3,37,46.09048798612512,inspirational,motivation
V0197,angry,6,32,120.0,inspirational,mental_health
V0198,lonely,6,45,120.0,inspirational,motivation
V0199,lonely,5,10,17.743191153645668,news,politics
V0200,disappointed,3,40,43.31577831082099,educational,academic_stress
V0201,angry,7,20,35.70031558267214,news,politics
V0202,happy,4,10,120.0,educational,academic_stress
V0203,happy,3,37,120.0,educational,motivation
V0204,lonely,4,50,84.8119563236996,entertainment,daily_humor
V0205,anxious,7,27,117.99556404732196,entertainment,daily_humor
V0206,happy,1,44,92.06373286193298,news,politics
V0207,happy,1,54,75.32968061299769,news,politics
V0208,angry,8,49,120.0,entertainment,mental_health
V0209,happy,1,54,65.67642493379198,entertainment,mental_health
V0210,happy,1,41,48.224211280934476,inspirational,motivation
V0211,anxious,8,31,79.87431289482926,entertainment,relationships
V0212,angry,6,10,17.852950325815073,entertainment,relationships
V0213,angry,3,26,117.42189456896526,educational,motivation
V0214,neutral,1,17,18.909783247894726,news,mental_health
V0215,angry,6,62,103.78656191003816,news,politics
V0216,neutral,1,27,31.91238436085291,entertainment,relationships
V0217,neutral,2,31,10.031508867162117,educational,academic_stress
V0218,disappointed,6,38,65.8016991046272,news,mental_health
V0219,angry,4,30,41.78972909630862,news,mental_health
V0220,lonely,7,55,105.18097238463726,entertainment,daily_humor
V0221,angry,8,20,30.729872104784185,inspirational,motivation
V0222,anxious,5,32,34.00346756940959,educational,motivation
V0223,happy,3,18,25.31423769192993,entertainment,relationships
V0224,excited,6,10,30.173615975394032,inspirational,mental_health
V0225,neutral,2,20,36.71912798502971,entertainment,mental_health
V0226,neutral,1,29,37.99797889030168,news,mental_health
V0227,stressed,7,23,101.54350802435901,entertainment,relationships
V0228,excited,3,19,38.18704679919027,entertainment,relationships
V0229,lonely,6,10,15.277616571060813,inspirational,motivation
V0230,angry,5,28,119.6599918328041,entertainment,daily_humor
V0231,disappointed,3,10,21.503798704184312,inspirational,motivation
V0232,anxious,7,41,69.99589030176587,entertainment,mental_health
V0233,anxious,5,31,101.22300804903311,entertainment,mental_health
V0234,anxious,5,10,13.224956203972651,educational,motivation
V0235,happy,3,25,120.0,news,politics
V0236,angry,7,18,49.47154232300734,entertainment,daily_humor
V0237,neutral,1,34,42.893387117986855,inspirational,mental_health
V0238,happy,4,50,68.85904257634535,entertainment,mental_health
V0239,angry,6,10,20.004635733599315,inspirational,motivation
V0240,happy,6,31,31.634453828965064,educational,academic_stress
V0241,stressed,8,27,31.169184125302593,inspirational,motivation
V0242,stressed,8,40,120.0,news,mental_health
V0243,lonely,7,33,63.266914141016414,news,mental_health
V0244,excited,5,18,32.81199194934719,news,politics
V0245,happy,3,25,41.47464865355045,news,mental_health
V0246,stressed,5,18,34.47669454018696,news,politics
V0247,excited,7,46,80.61383149965368,educational,motivation
V0248,stressed,6,30,27.78023183285259,educational,motivation
V0249,stressed,8,58,94.30170983887623,inspirational,mental_health
V0250,lonely,4,29,53.09733282287496,news,mental_health
V0251,neutral,1,19,59.70010816873112,news,mental_health
V0252,excited,4,10,97.70103880819056,entertainment,relationships
V0253,lonely,6,10,12.05583411458069,educational,motivation
V0254,neutral,2,10,7.8498148708791105,educational,academic_stress
V0255,happy,2,34,110.649303478674,news,mental_health
V0256,anxious,7,37,120.0,entertainment,daily_humor
V0257,stressed,7,10,29.648591390301025,entertainment,relationships
V0258,angry,7,43,120.0,entertainment,daily_humor
V0259,anxious,8,22,30.314685095252173,educational,academic_stress
V0260,happy,5,32,88.70399364009579,entertainment,mental_health
V0261,anxious,7,54,120.0,entertainment,relationships
V0262,stressed,7,43,80.88043733731199,news,mental_health
V0263,happy,5,25,120.0,entertainment,mental_health
V0264,anxious,6,16,24.472489361224188,entertainment,relationships
V0265,lonely,5,10,40.11064411678017,educational,motivation
V0266,disappointed,4,19,14.994811405940895,educational,motivation
V0267,angry,5,26,79.74396817029893,entertainment,relationships
V0268,angry,5,15,35.92198068253204,entertainment,relationships
V0269,excited,6,28,55.15912753870318,news,politics
V0270,neutral,1,31,58.318757328108084,entertainment,daily_humor
V0271,disappointed,5,26,120.0,news,mental_health
V0272,disappointed,6,20,51.04658390313288,inspirational,mental_health
V0273,lonely,5,32,120.0,news,mental_health
V0274,lonely,5,36,120.0,educational,motivation
V0275,anxious,4,13,16.946724975856746,entertainment,daily_humor
V0276,anxious,6,51,49.27852037288623,educational,academic_stress
V0277,disappointed,6,28,38.4987388805942,entertainment,mental_health
V0278,angry,7,30,40.00944704482037,inspirational,motivation
V0279,angry,7,40,59.68681330780759,educational,motivation
V0280,disappointed,3,33,49.83664923255335,entertainment,relationships
V0281,lonely,7,44,59.736706498470035,news,mental_health
V0282,neutral,2,34,47.8654833488996,news,politics
V0283,excited,6,20,29.382338401961373,entertainment,daily_humor
V0284,happy,6,35,37.333260484956774,educational,motivation
V0285,anxious,6,12,120.0,entertainment,daily_humor
V0286,happy,6,31,106.79369290873777,entertainment,mental_health
V0287,excited,4,29,120.0,educational,motivation
V0288,anxious,6,26,50.977264304100345,entertainment,mental_health
V0289,neutral,3,28,26.26557264884734,educational,motivation
V0290,anxious,6,10,24.396191898259293,educational,motivation
V0291,happy,1,21,27.18044333239026,entertainment,mental_health
V0292,happy,1,31,32.08178551666956,educational,academic_stress
V0293,disappointed,4,32,51.80292911055795,entertainment,daily_humor
V0294,excited,4,14,27.098054898075162,news,mental_health
V0295,happy,2,48,72.90277794653097,news,mental_health
V0296,anxious,6,17,26.913255921238044,entertainment,relationships
V0297,disappointed,4,44,40.437048109583344,educational,motivation
V0298,happy,4,36,32.46373705280396,educational,motivation
V0299,angry,6,20,32.152544894569,news,mental_health
V0300,happy,4,56,120.0,news,politics
V0301,happy,4,12,14.968248578807383,educational,motivation
V0302,anxious,3,43,48.837288859137246,inspirational,mental_health
V0303,anxious,5,45,120.0,educational,motivation
V0304,angry,6,19,28.39707315949377,entertainment,mental_health
V0305,angry,10,50,93.78382218813464,news,mental_health
V0306,stressed,7,26,33.28023334571742,inspirational,motivation
V0307,anxious,6,34,58.39546470484884,news,politics
V0308,neutral,3,33,39.249251079461686,news,mental_health
V0309,disappointed,3,27,95.14124457796711,entertainment,daily_humor
V0310,neutral,1,42,60.048557832428955,news,politics
V0311,excited,5,41,38.67156937819153,educational,motivation
V0312,happy,2,10,9.062586143213409,inspirational,motivation
V0313,happy,4,49,97.57351375705156,entertainment,mental_health
V0314,stressed,7,10,17.059993058294218,news,mental_health
V0315,disappointed,4,45,82.14401572148476,entertainment,relationships
V0316,angry,3,46,65.5538599585781,news,mental_health
V0317,excited,4,13,20.519854261915295,entertainment,mental_health
V0318,happy,2,23,25.90380422492637,news,politics
V0319,happy,5,13,17.372042248460502,educational,academic_stress
V0320,neutral,1,26,33.634783284216475,educational,motivation
V0321,anxious,7,25,63.05283672950945,entertainment,mental_health
V0322,angry,4,41,45.16218214460924,educational,academic_stress
V0323,angry,5,49,56.652359995985144,inspirational,motivation
V0324,neutral,2,50,120.0,entertainment,relationships
V0325,stressed,8,21,38.516691810889654,inspirational,motivation
V0326,disappointed,4,26,49.83251785752191,entertainment,daily_humor
V0327,anxious,7,10,18.484043902059412,educational,academic_stress
V0328,anxious,9,17,108.89676209913698,news,mental_health
V0329,excited,3,44,59.321727468360734,news,politics
V0330,neutral,1,54,89.7351376158887,entertainment,relationships
V0331,excited,7,11,42.89395683788643,entertainment,relationships
V0332,disappointed,4,21,120.0,news,politics
V0333,happy,4,29,120.0,entertainment,daily_humor
V0334,happy,4,34,40.2614146584013,inspirational,mental_health
V0335,happy,4,17,17.74507919055403,inspirational,mental_health
V0336,happy,3,36,46.14189319047339,news,mental_health
V0337,lonely,8,22,35.64406973694479,educational,motivation
V0338,angry,4,29,51.297359044814456,news,politics
V0339,excited,8,38,55.70536471406186,educational,academic_stress
V0340,happy,5,30,45.34007247156066,educational,motivation
V0341,anxious,7,23,57.26193194346815,entertainment,relationships
V0342,excited,4,28,120.0,entertainment,relationships
V0343,happy,2,28,42.516802415744394,inspirational,motivation
V0344,excited,5,24,37.305900189469554,news,mental_health
V0345,excited,6,26,42.28218655529255,news,politics
V0346,anxious,6,53,120.0,entertainment,relationships
V0347,angry,7,38,87.47290624135019,entertainment,daily_humor
V0348,happy,5,25,45.47273067043073,entertainment,daily_humor
V0349,excited,6,40,120.0,inspirational,mental_health
V0350,angry,4,24,27.40623520028249,educational,academic_stress
V0351,anxious,7,47,50.93599674483481,inspirational,motivation
V0352,lonely,6,35,61.71421425818513,entertainment,daily_humor
V0353,angry,8,28,71.22475905967796,entertainment,daily_humor
V0354,happy,4,36,47.60608256469109,news,mental_health
V0355,happy,6,10,27.57630623662225,entertainment,relationships
V0356,angry,7,13,20.303205806082946,inspirational,mental_health
V0357,happy,4,12,11.94219264515615,inspirational,mental_health
V0358,anxious,7,32,56.366726781245156,entertainment,mental_health
V0359,stressed,5,55,94.64911232208479,entertainment,daily_humor
V0360,anxious,6,63,120.0,entertainment,mental_health
V0361,excited,4,39,42.35989354425766,inspirational,motivation
V0362,angry,5,37,75.28622653956612,entertainment,relationships
V0363,excited,7,10,18.41799613338478,news,politics
V0364,anxious,5,21,30.26422697753812,news,mental_health
V0365,stressed,5,18,40.65765412936231,news,politics
V0366,excited,6,20,10.997006091791171,educational,academic_stress
V0367,stressed,10,27,120.0,news,mental_health
V0368,lonely,8,22,120.0,inspirational,mental_health
V0369,happy,5,10,16.74289899933231,educational,motivation
V0370,happy,3,41,68.28048161459185,entertainment,relationships
V0371,happy,3,13,14.523599070043867,inspirational,mental_health
V0372,happy,5,33,111.48723768683307,educational,motivation
V0373,happy,4,61,72.80107339215725,inspirational,mental_health
V0374,angry,7,16,26.73791677133823,entertainment,mental_health
V0375,happy,6,10,23.783494720069314,entertainment,relationships
V0376,neutral,3,25,86.93698757472094,inspirational,motivation
V0377,lonely,7,46,120.0,entertainment,mental_health
V0378,happy,4,59,83.79039005954384,entertainment,mental_health
V0379,disappointed,4,11,23.28776717952115,entertainment,daily_humor
V0380,neutral,1,37,60.92404509373115,entertainment,daily_humor
V0381,happy,6,23,22.8775446199634,educational,academic_stress
V0382,angry,5,28,120.0,entertainment,relationships
V0383,angry,7,69,61.74908398481658,inspirational,motivation
V0384,lonely,6,10,11.573402114247196,entertainment,mental_health
V0385,disappointed,4,33,47.07772390025827,news,politics
V0386,disappointed,4,37,120.0,entertainment,mental_health
V0387,neutral,1,46,82.90177665396183,news,mental_health
V0388,happy,4,31,30.13672090052328,educational,academic_stress
V0389,disappointed,6,34,93.24271632061391,inspirational,motivation
V0390,disappointed,4,24,36.73486678111516,entertainment,mental_health
V0391,stressed,8,34,74.28286322334455,entertainment,relationships
V0392,excited,5,24,33.58352634383111,educational,academic_stress
V0393,excited,2,39,29.327485560036063,educational,academic_stress
V0394,disappointed,5,24,43.141119687026176,entertainment,mental_health
V0395,excited,5,35,120.0,entertainment,mental_health
V0396,stressed,9,29,52.26869145248202,news,mental_health
V0397,lonely,8,46,95.35128076054319,entertainment,mental_health
V0398,excited,4,29,49.97931659320274,entertainment,mental_health
V0399,disappointed,5,10,17.63764124747453,news,politics
V0400,disappointed,3,48,120.0,news,politics
V0401,happy,4,16,8.47848712354924,educational,motivation
V0402,lonely,4,20,14.17676621258706,educational,academic_stress
V0403,anxious,7,21,46.605013938805335,educational,academic_stress
V0404,disappointed,6,50,51.53320924284509,news,mental_health
V0405,neutral,1,10,12.274282010217137,news,politics
V0406,lonely,6,77,120.0,entertainment,daily_humor
V0407,excited,7,45,82.7595673190997,news,politics
V0408,happy,6,33,120.0,news,mental_health
V0409,lonely,5,29,107.6314524583274,entertainment,mental_health
V0410,happy,3,34,28.56484740592681,inspirational,mental_health
V0411,neutral,2,37,120.0,entertainment,relationships
V0412,stressed,8,39,66.25527038278749,educational,motivation
V0413,stressed,6,38,77.33260142607261,entertainment,relationships
V0414,anxious,5,31,30.33874454355097,educational,motivation
V0415,angry,7,27,47.66729239665952,entertainment,daily_humor
V0416,excited,4,27,35.17802142792178,inspirational,motivation
V0417,neutral,3,27,27.403472111206206,educational,motivation
V0418,neutral,2,47,120.0,educational,motivation
V0419,angry,7,38,77.515337335533,entertainment,relationships
V0420,disappointed,4,10,10.534682814998252,inspirational,mental_health
V0421,disappointed,5,39,60.3409980863819,entertainment,mental_health
V0422,disappointed,5,32,57.953471767036135,entertainment,mental_health
V0423,happy,6,29,32.759820254034686,educational,motivation
V0424,anxious,6,24,28.220919566617603,educational,motivation
V0425,happy,5,46,120.0,inspirational,mental_health
V0426,anxious,7,44,54.4556710541979,inspirational,motivation
V0427,excited,6,18,13.093929652114248,educational,motivation
V0428,lonely,7,36,44.257918194886045,inspirational,motivation
V0429,excited,7,15,16.244129635802107,news,politics
V0430,happy,2,10,7.788519919941408,inspirational,motivation
V0431,happy,5,20,66.70967521979588,entertainment,relationships
V0432,disappointed,5,42,67.68453917562836,entertainment,daily_humor
V0433,anxious,6,44,54.183979116833335,entertainment,mental_health
V0434,happy,6,37,58.51417000357505,news,politics
V0435,happy,3,40,41.04227378494166,educational,academic_stress
V0436,angry,6,37,40.57992602491414,educational,motivation
V0437,happy,7,20,48.38685853875582,entertainment,daily_humor
V0438,disappointed,4,36,48.232462042142906,news,mental_health
V0439,angry,8,42,120.0,entertainment,daily_humor
V0440,happy,2,41,50.04309787714375,news,mental_health
V0441,happy,1,47,120.0,inspirational,motivation
V0442,stressed,5,40,37.41197256277363,educational,motivation
V0443,excited,3,35,49.0103586319239,news,mental_health
V0444,excited,4,46,87.52030041202615,entertainment,relationships
V0445,disappointed,9,29,120.0,inspirational,motivation
V0446,stressed,6,16,9.214791306086822,educational,motivation
V0447,stressed,7,27,39.092330103000464,news,politics
V0448,disappointed,5,18,24.281793527569548,news,mental_health
V0449,excited,2,19,58.524491200521034,inspirational,mental_health
V0450,happy,2,27,39.25499721239321,news,politics
V0451,disappointed,6,18,64.71419461055466,entertainment,daily_humor
V0452,anxious,5,25,40.105508678866194,news,mental_health
V0453,excited,4,10,7.482344658817028,inspirational,mental_health
V0454,lonely,7,33,54.85089847301639,entertainment,relationships
V0455,happy,3,30,118.33481310001402,educational,motivation
V0456,anxious,9,17,22.89212370927798,inspirational,motivation
V0457,happy,5,39,120.0,news,mental_health
V0458,excited,4,44,68.06625781641318,news,mental_health
V0459,happy,2,10,12.877010772858137,entertainment,relationships
V0460,happy,5,18,32.69231625681945,news,mental_health
V0461,happy,4,18,31.964116670949174,entertainment,relationships
V0462,angry,4,15,19.963216706422543,news,mental_health
V0463,disappointed,6,42,120.0,educational,motivation
V0464,anxious,7,27,120.0,news,mental_health
V0465,stressed,9,26,70.916433814042,inspirational,motivation
V0466,excited,8,10,10.945759782020453,educational,academic_stress
V0467,neutral,1,39,32.46409330134193,inspirational,motivation
V0468,lonely,6,11,106.77985587065254,entertainment,daily_humor
V0469,neutral,2,30,28.912457058990057,inspirational,mental_health
V0470,stressed,6,34,78.11399824750951,news,mental_health
V0471,happy,6,50,120.0,entertainment,daily_humor
V0472,stressed,9,10,21.298201464999863,news,politics
V0473,happy,5,10,89.24348419457955,inspirational,motivation
V0474,lonely,7,32,47.86832353830468,entertainment,daily_humor
V0475,anxious,6,57,95.95967582467695,entertainment,mental_health
V0476,stressed,6,48,80.10038503470608,news,politics
V0477,happy,5,33,56.246880895524264,news,politics
V0478,anxious,6,22,33.09644707755472,news,politics
V0479,stressed,6,42,56.74471985614524,news,mental_health
V0480,anxious,5,15,79.56964990283956,entertainment,daily_humor
V0481,angry,5,37,120.0,news,mental_health
V0482,angry,9,37,47.56509040261945,educational,academic_stress
V0483,excited,6,45,94.06743755881311,entertainment,daily_humor
V0484,angry,3,71,120.0,educational,motivation
V0485,anxious,6,35,59.4268981587846,entertainment,mental_health
V0486,lonely,7,22,33.54671489860477,entertainment,relationships
V0487,happy,4,29,58.31065257360223,entertainment,relationships
V0488,neutral,1,10,7.602991245368479,news,politics
V0489,stressed,6,19,29.543956907824022,entertainment,mental_health
V0490,lonely,4,23,120.0,entertainment,relationships
V0491,excited,5,22,52.78911514795121,entertainment,mental_health
V0492,angry,6,32,69.49603769743916,entertainment,daily_humor
V0493,neutral,2,17,14.908683332890826,entertainment,mental_health
V0494,happy,6,46,51.47041622481325,educational,motivation
V0495,excited,4,30,35.60231161077296,news,mental_health
V0496,excited,6,29,88.06905343727756,news,politics
V0497,anxious,6,25,87.27765944453158,news,mental_health
V0498,happy,2,32,43.24879135369666,entertainment,relationships
V0499,stressed,6,42,120.0,entertainment,relationships
V0500,stressed,5,16,57.63030272113589,inspirational,mental_health
V0501,angry,8,20,79.94973720161614,entertainment,daily_humor
V0502,anxious,8,25,49.194931724207116,entertainment,daily_humor
V0503,neutral,1,10,14.568158254568251,educational,motivation
V0504,disappointed,6,17,28.777934306854284,entertainment,mental_health
V0505,angry,3,22,46.97195748646623,entertainment,daily_humor
V0506,happy,6,43,84.55079745903573,entertainment,mental_health
V0507,lonely,5,33,77.31106647967262,entertainment,relationships
V0508,disappointed,4,32,120.0,entertainment,relationships
V0509,stressed,5,42,120.0,news,politics
V0510,angry,7,27,120.0,news,mental_health
V0511,anxious,6,35,40.50963275083047,news,politics
V0512,excited,6,28,53.292305914159165,news,politics
V0513,stressed,8,33,37.6659523830456,inspirational,motivation
V0514,lonely,6,21,14.58473186370472,educational,motivation
V0515,happy,4,10,6.812418133800099,educational,academic_stress
V0516,happy,5,27,27.731455051592217,educational,academic_stress
V0517,excited,6,51,85.11152014882259,news,politics
V0518,disappointed,3,43,100.89043884029569,inspirational,mental_health
V0519,stressed,7,44,87.02353405956624,entertainment,relationships
V0520,happy,2,48,86.12308877256244,inspirational,mental_health
V0521,anxious,9,31,34.914940324888356,educational,academic_stress
V0522,excited,5,32,49.077888468514644,inspirational,mental_health
V0523,stressed,7,20,38.959667910967056,entertainment,relationships
V0524,lonely,6,25,30.937512732134554,educational,academic_stress
V0525,disappointed,4,39,58.7685803011922,entertainment,mental_health
V0526,excited,5,48,88.18598935691142,entertainment,relationships
V0527,excited,6,27,43.280226320585264,entertainment,mental_health
V0528,neutral,1,23,29.281181180404367,entertainment,relationships
V0529,happy,5,30,35.246429336863585,news,politics
V0530,lonely,5,39,120.0,entertainment,daily_humor
V0531,disappointed,5,10,20.303746037642625,entertainment,relationships
V0532,stressed,5,10,29.33907052838352,news,mental_health
V0533,stressed,5,21,24.335927171245594,news,mental_health
V0534,anxious,6,11,102.67457108931616,entertainment,daily_humor
V0535,disappointed,3,22,75.88573599138924,entertainment,relationships
V0536,stressed,5,27,35.04437766019241,educational,motivation
V0537,lonely,7,23,12.272372171168577,educational,academic_stress
V0538,neutral,1,51,120.0,news,mental_health
V0539,excited,5,34,48.75158364305878,educational,motivation
V0540,happy,4,34,60.63931310531337,entertainment,mental_health
V0541,stressed,6,39,33.34939517268239,news,politics
V0542,anxious,8,12,33.4774181661243,educational,academic_stress
V0543,neutral,1,45,120.0,entertainment,daily_humor
V0544,angry,8,28,61.4552772280457,entertainment,mental_health
V0545,anxious,6,40,68.04509949142358,inspirational,mental_health
V0546,excited,6,13,18.964114956559495,entertainment,daily_humor
V0547,happy,3,10,5.0,news,politics
V0548,angry,5,42,120.0,entertainment,daily_humor
V0549,anxious,7,35,40.359616966425634,educational,academic_stress
V0550,disappointed,4,16,32.41998584993786,news,politics
V0551,anxious,5,16,21.907583960671626,inspirational,motivation
V0552,lonely,6,46,120.0,news,politics
V0553,anxious,6,12,26.544772517480098,news,politics
V0554,anxious,7,54,84.90366508536306,inspirational,mental_health
V0555,lonely,4,16,25.048568088032,entertainment,relationships
V0556,excited,7,39,62.52363055097919,entertainment,relationships
V0557,happy,5,25,42.62782641711543,news,politics
V0558,happy,5,39,59.48028465097995,entertainment,mental_health
V0559,disappointed,2,21,34.652576313942305,news,politics
V0560,angry,6,27,120.0,inspirational,mental_health
V0561,angry,5,30,120.0,entertainment,daily_humor
V0562,happy,4,14,120.0,entertainment,mental_health
V0563,happy,5,41,65.82358143193414,news,politics
V0564,happy,4,22,120.0,entertainment,relationships
V0565,excited,5,26,32.40659147064147,news,mental_health
V0566,anxious,5,15,28.827260799894166,entertainment,daily_humor
V0567,excited,5,10,21.746461271476278,news,mental_health
V0568,excited,3,27,23.491265658585693,educational,academic_stress
V0569,lonely,5,66,86.77287016272425,news,politics
V0570,excited,3,41,63.32685396167623,entertainment,relationships
V0571,anxious,5,29,50.084313133007356,entertainment,daily_humor
V0572,disappointed,6,26,29.25043574863547,educational,academic_stress
V0573,excited,4,30,52.099007083870085,news,mental_health
V0574,angry,4,38,52.738565266547496,inspirational,mental_health
V0575,lonely,3,12,26.63080316962137,entertainment,daily_humor
V0576,stressed,8,46,91.90309795857706,educational,academic_stress
V0577,happy,3,40,82.82700613583683,educational,academic_stress
V0578,stressed,10,40,55.03350080940716,news,politics
V0579,anxious,6,36,43.33894030061197,news,mental_health
V0580,neutral,1,30,46.92633374447702,entertainment,relationships
V0581,excited,6,40,120.0,entertainment,mental_health
V0582,stressed,7,38,75.34834380079224,entertainment,mental_health
V0583,anxious,7,24,33.73022433505532,entertainment,mental_health
V0584,neutral,2,21,40.58257532517226,entertainment,relationships
V0585,angry,5,31,43.749265105764145,inspirational,motivation
V0586,neutral,1,53,53.96410130393241,educational,motivation
V0587,happy,3,11,44.124716931598314,news,mental_health
V0588,happy,5,10,13.330907646257604,entertainment,relationships
V0589,happy,3,32,57.961560830477175,entertainment,daily_humor
V0590,happy,3,30,81.83203631224971,news,politics
V0591,happy,2,32,101.06467960515644,news,politics
V0592,angry,6,33,36.79212568364542,inspirational,motivation
V0593,happy,6,26,28.771939189830455,educational,academic_stress
V0594,excited,3,52,51.785303816046806,educational,academic_stress
V0595,lonely,5,10,76.94491185193033,news,mental_health
V0596,excited,7,17,40.51761515156951,entertainment,daily_humor
V0597,angry,4,28,120.0,entertainment,mental_health
V0598,happy,6,10,7.722194555735173,educational,motivation
V0599,happy,4,27,27.73058027055466,educational,motivation
V0600,happy,5,54,77.17835935784447,inspirational,motivation
V0601,happy,3,30,22.784614786109763,educational,motivation
V0602,neutral,1,33,59.53432661679404,entertainment,daily_humor
V0603,happy,6,11,21.718572252777907,entertainment,daily_humor
V0604,happy,3,20,24.787243806358326,entertainment,daily_humor
V0605,happy,1,24,120.0,educational,academic_stress
V0606,excited,6,25,48.672680537474676,entertainment,daily_humor
V0607,happy,8,49,120.0,educational,motivation
V0608,excited,6,38,62.13499577380167,news,mental_health
V0609,anxious,6,13,16.721120793579935,entertainment,daily_humor
V0610,angry,7,33,53.919898755118574,entertainment,relationships
V0611,happy,3,37,50.25745940823137,inspirational,motivation
V0612,disappointed,7,47,120.0,news,mental_health
V0613,angry,4,53,108.13392536470644,entertainment,daily_humor
V0614,happy,4,14,28.337967486104077,entertainment,daily_humor
V0615,lonely,6,17,24.501641218967166,entertainment,daily_humor
V0616,stressed,5,11,28.612459711509914,news,politics
V0617,happy,4,26,39.032919345771994,inspirational,mental_health
V0618,neutral,1,36,102.86060361009363,news,mental_health
V0619,disappointed,5,44,120.0,entertainment,daily_humor
V0620,disappointed,3,28,28.746380353497358,news,mental_health
V0621,happy,5,25,40.7387550811312,entertainment,daily_humor
V0622,happy,3,32,15.796670538588863,educational,academic_stress
V0623,excited,3,17,39.2862831761775,entertainment,daily_humor
V0624,excited,4,61,88.07000835688092,inspirational,motivation
V0625,anxious,5,10,5.0,educational,academic_stress
V0626,excited,4,32,37.482637025579336,news,politics
V0627,excited,5,60,118.68230606282354,entertainment,daily_humor
V0628,disappointed,3,30,55.63960029458212,entertainment,relationships
V0629,happy,3,27,18.401739111794733,educational,motivation
V0630,neutral,1,24,40.04727297372115,entertainment,relationships
V0631,angry,8,27,39.91234103792462,news,politics
V0632,lonely,6,50,120.0,entertainment,daily_humor
V0633,anxious,5,10,20.14470351926848,news,politics
V0634,anxious,8,53,67.49410878764725,news,politics
V0635,happy,7,10,12.200130723438411,inspirational,motivation
V0636,excited,3,26,120.0,entertainment,daily_humor
V0637,anxious,8,23,55.94323096273163,entertainment,relationships
V0638,neutral,2,38,31.8225050132526,educational,academic_stress
V0639,neutral,3,10,11.062600568950117,inspirational,mental_health
V0640,excited,7,36,75.60399838707754,inspirational,motivation
V0641,happy,3,60,120.0,entertainment,relationships
V0642,neutral,1,10,9.193324959882379,news,politics
V0643,happy,1,32,120.0,entertainment,relationships
V0644,neutral,1,20,93.23459423982044,news,mental_health
V0645,happy,5,36,65.72773806137964,educational,academic_stress
V0646,lonely,4,30,45.57214836514932,news,politics
V0647,anxious,7,20,11.83477220767665,educational,motivation
V0648,angry,9,37,68.59024028034628,news,politics
V0649,disappointed,3,57,107.69195819245896,news,politics
V0650,anxious,7,27,36.304966959500426,news,politics
V0651,happy,5,40,27.655286482834804,educational,motivation
V0652,anxious,7,10,21.425371834943565,entertainment,mental_health
V0653,anxious,8,15,62.11448624958936,entertainment,mental_health
V0654,disappointed,3,37,120.0,entertainment,relationships
V0655,excited,9,52,47.48900450690716,educational,academic_stress
V0656,happy,6,35,85.60488838852082,inspirational,motivation
V0657,neutral,1,25,43.96475988428493,entertainment,relationships
V0658,excited,4,29,104.67013457164217,entertainment,relationships
V0659,angry,6,11,16.6978371233869,entertainment,relationships
V0660,anxious,6,39,78.60333288224854,entertainment,mental_health
V0661,excited,4,43,113.57207202843334,news,mental_health
V0662,stressed,7,23,28.417179570234154,entertainment,daily_humor
V0663,anxious,6,22,34.63223749440529,inspirational,motivation
V0664,neutral,1,33,62.63026194659293,entertainment,relationships
V0665,happy,6,23,35.14125024961754,inspirational,mental_health
V0666,happy,6,29,25.153335811353642,inspirational,mental_health
V0667,neutral,2,61,86.95034091546557,entertainment,relationships
V0668,happy,5,26,35.343784091613635,inspirational,mental_health
V0669,happy,4,24,27.371168438135424,educational,academic_stress
V0670,neutral,1,20,14.315272093238967,news,politics
V0671,happy,5,41,65.56868360299056,entertainment,daily_humor
V0672,lonely,5,27,120.0,inspirational,mental_health
V0673,happy,3,20,120.0,inspirational,mental_health
V0674,anxious,6,49,86.66493245130408,news,politics
V0675,excited,6,51,120.0,news,mental_health
V0676,stressed,9,20,24.92634333503566,entertainment,relationships
V0677,happy,3,10,9.096353806494381,educational,academic_stress
V0678,excited,4,45,120.0,entertainment,relationships
V0679,stressed,8,19,97.92789242072742,educational,academic_stress
V0680,lonely,5,41,53.83580188478094,news,mental_health
V0681,disappointed,7,10,43.762983170614675,entertainment,relationships
V0682,neutral,1,43,50.138147633784314,inspirational,motivation
V0683,happy,3,11,120.0,news,mental_health
V0684,angry,5,40,68.90222036147624,news,mental_health
V0685,stressed,6,30,40.96689400160222,educational,motivation
V0686,anxious,5,15,20.85351395524465,inspirational,motivation
V0687,anxious,6,23,24.366773575795317,inspirational,mental_health
V0688,neutral,2,40,37.15913833017971,entertainment,relationships
V0689,disappointed,4,31,120.0,news,mental_health
V0690,happy,4,38,57.217068569547436,news,mental_health
V0691,neutral,1,59,61.12689982247888,educational,motivation
V0692,excited,4,10,10.474439212362546,entertainment,daily_humor
V0693,anxious,6,54,106.93784758245457,entertainment,mental_health
V0694,neutral,1,31,24.47729684639578,educational,motivation
V0695,happy,4,16,35.895543179670945,entertainment,relationships
V0696,anxious,3,10,13.39405367003336,educational,academic_stress
V0697,neutral,2,27,13.39859706917251,educational,motivation
V0698,anxious,6,43,54.841695357303266,educational,motivation
V0699,happy,5,28,96.26050560304158,inspirational,mental_health
V0700,excited,5,52,120.0,entertainment,relationships
V0701,anxious,6,10,10.536324766617676,inspirational,mental_health
V0702,happy,1,29,66.4396250097478,entertainment,relationships
V0703,neutral,1,11,18.57140716433884,entertainment,mental_health
V0704,happy,4,35,62.90168072979293,entertainment,mental_health
V0705,happy,4,43,76.98697386652421,entertainment,relationships
V0706,stressed,5,23,25.173834947491457,educational,motivation
V0707,neutral,1,10,5.0,news,mental_health
V0708,disappointed,4,32,60.71673493784873,entertainment,mental_health
V0709,neutral,2,36,40.279456202895894,news,politics
V0710,angry,6,36,113.11757117671853,news,politics
V0711,disappointed,2,48,120.0,educational,academic_stress
V0712,anxious,7,13,19.14493256076826,educational,motivation
V0713,excited,5,40,74.02746397874132,news,mental_health
V0714,excited,6,47,120.0,entertainment,relationships
V0715,excited,3,10,46.08461133310597,educational,academic_stress
V0716,stressed,9,34,49.281013542895444,inspirational,mental_health
V0717,disappointed,5,22,19.6201624856414,educational,motivation
V0718,stressed,7,28,42.136190670980056,news,politics
V0719,happy,5,35,40.58353777678321,inspirational,motivation
V0720,disappointed,5,22,38.93736259020187,entertainment,mental_health
V0721,stressed,7,19,28.980814999811344,educational,academic_stress
V0722,happy,5,30,38.7111641047103,educational,academic_stress
V0723,happy,5,13,16.22465932735261,entertainment,mental_health
V0724,disappointed,6,13,40.18038201217489,educational,motivation
V0725,anxious,5,40,60.17612940088287,news,mental_health
V0726,lonely,4,12,14.297001231131862,educational,motivation
V0727,happy,3,39,49.7458738789064,entertainment,mental_health
V0728,disappointed,4,36,38.27171269940913,inspirational,mental_health
V0729,happy,3,10,120.0,news,mental_health
V0730,happy,4,19,14.760651999816519,news,mental_health
V0731,happy,2,47,66.61540883386898,entertainment,daily_humor
V0732,disappointed,5,15,29.56991513159511,news,mental_health
V0733,angry,8,23,43.386051709890445,entertainment,mental_health
V0734,anxious,5,36,120.0,entertainment,mental_health
V0735,excited,4,41,37.35900993119136,educational,academic_stress
V0736,lonely,6,26,26.124114396491414,inspirational,motivation
V0737,excited,7,21,52.849276264282224,entertainment,relationships
V0738,disappointed,5,51,40.558016883218855,educational,academic_stress
V0739,excited,4,56,120.0,entertainment,mental_health
V0740,excited,6,44,120.0,entertainment,daily_humor
V0741,excited,4,31,52.942718537011,news,politics
V0742,neutral,1,17,19.298199907453277,news,politics
V0743,disappointed,4,17,55.16086305419455,news,mental_health
V0744,anxious,9,37,120.0,educational,academic_stress
V0745,neutral,1,36,49.01046216030053,entertainment,mental_health
V0746,lonely,5,51,119.39552144373417,entertainment,relationships
V0747,excited,8,39,46.209580678848695,educational,motivation
V0748,anxious,8,10,82.52821394130379,entertainment,mental_health
V0749,lonely,6,45,80.30081247498185,news,politics
V0750,angry,8,15,20.87925935967216,educational,academic_stress
V0751,happy,1,24,84.23681453054868,entertainment,daily_humor
V0752,stressed,10,33,69.92436900030755,entertainment,daily_humor
V0753,angry,6,59,61.30649613989463,educational,academic_stress
V0754,neutral,2,76,120.0,entertainment,mental_health
V0755,happy,4,39,44.611162821728925,inspirational,mental_health
V0756,disappointed,4,27,33.75221558299044,news,mental_health
V0757,angry,8,38,63.42826646165455,inspirational,motivation
V0758,anxious,7,43,100.75836373612755,entertainment,relationships
V0759,lonely,7,25,26.304179806439585,educational,academic_stress
V0760,disappointed,5,56,120.0,entertainment,daily_humor
V0761,happy,1,33,120.0,entertainment,mental_health
V0762,neutral,1,37,57.275559280925684,news,mental_health
V0763,neutral,1,39,35.860278242938854,educational,academic_stress
V0764,disappointed,5,36,74.32361637470748,entertainment,daily_humor
V0765,happy,3,42,45.2423405811852,educational,academic_stress
V0766,anxious,6,20,28.31762834372213,entertainment,daily_humor
V0767,disappointed,5,21,40.004414450966166,news,mental_health
V0768,lonely,6,13,9.944071284326835,entertainment,daily_humor
V0769,excited,6,36,83.1429970707816,entertainment,mental_health
V0770,disappointed,4,41,70.59001024595912,entertainment,daily_humor
V0771,happy,3,36,59.14860078835482,entertainment,relationships
V0772,lonely,6,55,52.73372156266554,news,politics
V0773,happy,1,29,38.58641127668824,inspirational,mental_health
V0774,excited,7,40,45.453795812965176,inspirational,mental_health
V0775,disappointed,5,13,74.45795874137607,news,mental_health
V0776,happy,5,24,120.0,entertainment,mental_health
V0777,neutral,2,40,58.638961160008165,news,politics
V0778,angry,4,42,78.95366339724832,entertainment,daily_humor
V0779,angry,6,25,48.2994150744388,entertainment,daily_humor
V0780,angry,10,28,33.65519608801741,news,politics
V0781,angry,7,10,16.80020948857142,educational,motivation
V0782,anxious,6,24,72.89146230256405,inspirational,motivation
V0783,neutral,2,43,55.68415691654005,entertainment,relationships
V0784,excited,6,38,120.0,news,mental_health
V0785,happy,5,37,50.776770388522614,news,mental_health
V0786,lonely,8,30,37.8949238889707,inspirational,mental_health
V0787,anxious,5,30,86.44788736059395,news,mental_health
V0788,excited,8,20,47.0955791854803,news,mental_health
V0789,excited,7,40,36.388547795088,educational,academic_stress
V0790,stressed,9,36,69.18413402584711,entertainment,mental_health
V0791,happy,1,37,38.5743992931227,educational,academic_stress
V0792,anxious,8,22,120.0,news,mental_health
V0793,anxious,7,10,21.65007434670881,entertainment,mental_health
V0794,anxious,9,46,120.0,news,mental_health
V0795,happy,3,22,120.0,educational,motivation
V0796,lonely,5,17,45.71608522721738,educational,motivation
V0797,stressed,8,40,64.23215621989,news,mental_health
V0798,anxious,7,24,28.374601156674977,educational,academic_stress
V0799,angry,5,45,118.11667887687067,educational,academic_stress
V0800,stressed,6,39,29.886577307922586,educational,academic_stress
V0801,angry,4,40,46.019976601406,inspirational,mental_health
V0802,happy,4,10,25.336134153777344,news,politics
V0803,anxious,8,48,91.71582916814855,entertainment,daily_humor
V0804,anxious,6,33,64.57136510789857,entertainment,daily_humor
V0805,excited,4,24,48.066006377588124,entertainment,mental_health
V0806,disappointed,1,32,61.92350808687406,news,mental_health
V0807,stressed,8,10,27.40384672249758,news,politics
V0808,stressed,5,36,31.959132547286064,educational,motivation
V0809,excited,7,14,28.091264362546777,educational,academic_stress
V0810,happy,2,10,10.192543094992107,educational,academic_stress
V0811,stressed,6,10,36.757064237511365,news,politics
V0812,disappointed,5,46,63.64945928305437,news,mental_health
V0813,happy,5,20,59.8805754741252,entertainment,daily_humor
V0814,stressed,6,53,46.74905136969319,educational,academic_stress
V0815,lonely,5,21,47.28898600434428,educational,motivation
V0816,anxious,7,10,21.545147095686506,inspirational,mental_health
V0817,anxious,7,13,63.5961488203137,entertainment,relationships
V0818,excited,7,48,120.0,news,mental_health
V0819,happy,3,27,27.934654031068526,news,politics
V0820,neutral,1,21,41.01493574509954,entertainment,mental_health
V0821,disappointed,5,32,108.5733259588032,entertainment,mental_health
V0822,happy,3,37,31.143463492824853,educational,motivation
V0823,neutral,1,46,120.0,news,politics
V0824,excited,7,51,69.68744785827607,news,mental_health
V0825,anxious,6,24,30.208190086038087,news,politics
V0826,lonely,4,10,109.27407544737882,entertainment,relationships
V0827,excited,6,23,20.66645840218049,educational,motivation
V0828,excited,6,33,72.83682376191527,inspirational,motivation
V0829,disappointed,5,15,16.339874596311482,news,politics
V0830,excited,2,15,36.29891155826881,entertainment,daily_humor
V0831,neutral,1,35,35.332271913347526,inspirational,mental_health
V0832,excited,4,29,40.82111075379811,news,politics
V0833,happy,2,30,59.82838780595721,entertainment,relationships
V0834,happy,4,18,33.85247505513549,news,politics
V0835,anxious,7,26,45.37011151195206,news,politics
V0836,excited,6,16,17.986320053036817,news,mental_health
V0837,lonely,4,43,86.74493087896542,educational,motivation
V0838,excited,6,45,78.50943033628833,entertainment,mental_health
V0839,anxious,6,10,13.334124166804779,inspirational,mental_health
V0840,angry,7,16,30.923882301960703,entertainment,mental_health
V0841,happy,1,10,18.539835409939407,entertainment,daily_humor
V0842,angry,4,20,67.35876196370819,entertainment,daily_humor
V0843,happy,4,28,44.31487514983783,entertainment,daily_humor
V0844,stressed,6,10,24.27853209470654,news,mental_health
V0845,happy,3,16,13.976495240831646,inspirational,motivation
V0846,excited,7,14,35.8562760453581,entertainment,relationships
V0847,happy,5,33,80.35429906471136,educational,motivation
V0848,stressed,8,31,23.49990965927012,educational,motivation
V0849,anxious,7,19,40.80065682008083,inspirational,mental_health
V0850,anxious,7,32,43.44067497503239,news,mental_health
V0851,happy,3,21,46.97337023378331,entertainment,daily_humor
V0852,disappointed,4,25,71.5692123526378,news,politics
V0853,happy,5,55,34.58664932876134,inspirational,mental_health
V0854,lonely,7,50,80.76817500816577,news,politics
V0855,happy,5,10,6.84480952011709,inspirational,mental_health
V0856,happy,5,42,63.56752995798626,entertainment,daily_humor
V0857,happy,4,42,54.040592191415534,news,politics
V0858,excited,7,12,23.36593707831362,entertainment,relationships
V0859,anxious,7,42,68.36577772863703,news,mental_health
V0860,happy,3,53,64.71699714203928,news,mental_health
V0861,disappointed,7,13,23.809549150995398,news,mental_health
V0862,excited,3,16,13.585414119049,news,mental_health
V0863,anxious,4,45,44.21026074935053,educational,motivation
V0864,excited,6,34,57.23413513583726,entertainment,daily_humor
V0865,excited,5,38,120.0,inspirational,mental_health
V0866,anxious,7,35,38.33899174480425,inspirational,mental_health
V0867,happy,2,35,102.36374937734263,educational,academic_stress
V0868,happy,5,10,5.0,educational,motivation
V0869,lonely,5,45,45.316483156934424,educational,motivation
V0870,stressed,9,47,85.43603685274257,news,politics
V0871,excited,6,26,54.567450904615846,news,mental_health
V0872,neutral,1,29,44.08272264134821,entertainment,mental_health
V0873,angry,8,10,20.886212746055453,entertainment,relationships
V0874,excited,5,37,41.064430969411944,news,politics
V0875,happy,3,38,95.84064710316731,news,politics
V0876,happy,2,29,50.7894461465523,entertainment,daily_humor
V0877,angry,5,46,75.79221702529055,entertainment,relationships
V0878,angry,6,24,99.69273651927514,entertainment,relationships
V0879,happy,5,38,57.881477766824204,entertainment,mental_health
V0880,neutral,1,14,21.35672013428327,entertainment,daily_humor
V0881,neutral,2,29,49.97521959444233,news,mental_health
V0882,angry,4,27,113.07095862156302,inspirational,mental_health
V0883,happy,4,33,105.28965141841832,news,mental_health
V0884,happy,4,24,29.59118329241872,news,mental_health
V0885,disappointed,4,28,26.558813045379946,educational,motivation
V0886,happy,6,42,120.0,entertainment,daily_humor
V0887,angry,5,23,15.974530796573264,educational,motivation
V0888,neutral,2,10,14.124221056032624,entertainment,daily_humor
V0889,happy,6,56,71.71881855497641,news,mental_health
V0890,neutral,1,50,45.893273894568644,inspirational,motivation
V0891,angry,6,10,5.0,educational,academic_stress
V0892,lonely,6,40,64.58735214702213,entertainment,relationships
V0893,disappointed,3,22,36.72281332766014,news,politics
V0894,excited,8,33,58.88849909209511,entertainment,daily_humor
V0895,angry,6,34,88.77923174112236,entertainment,daily_humor
V0896,happy,4,26,43.0834977267345,news,politics
V0897,neutral,3,18,30.560404001672467,news,mental_health
V0898,lonely,5,19,20.273687746532957,educational,academic_stress
V0899,happy,4,16,34.14313589698018,entertainment,relationships
V0900,happy,5,17,26.676048345708644,news,politics
V0901,happy,4,28,58.584096468845445,entertainment,relationships
V0902,happy,4,19,53.77016561940882,educational,motivation
V0903,happy,2,40,120.0,news,mental_health
V0904,anxious,7,52,58.44355702944032,educational,academic_stress
V0905,excited,4,21,40.749954417802826,news,mental_health
V0906,lonely,3,33,58.965323199228344,entertainment,daily_humor
V0907,disappointed,4,37,111.47926120644227,inspirational,mental_health
V0908,excited,5,37,120.0,entertainment,mental_health
V0909,neutral,1,31,55.72139107699477,entertainment,daily_humor
V0910,excited,4,41,53.17882438308112,educational,motivation
V0911,anxious,8,37,120.0,entertainment,daily_humor
V0912,neutral,1,11,5.0,inspirational,motivation
V0913,angry,8,43,55.34949398342418,inspirational,motivation
V0914,excited,1,43,67.41320533638918,entertainment,daily_humor
V0915,anxious,7,18,36.02486569198603,entertainment,daily_humor
V0916,excited,4,30,120.0,news,politics
V0917,neutral,1,40,120.0,inspirational,mental_health
V0918,stressed,7,26,57.05271859900399,entertainment,mental_health
V0919,disappointed,6,46,94.47609515009734,entertainment,relationships
V0920,happy,2,65,113.98216706316819,entertainment,daily_humor
V0921,lonely,4,18,28.088064514743255,news,mental_health
V0922,excited,4,10,5.0,educational,motivation
V0923,lonely,6,34,46.45878491890243,news,mental_health
V0924,disappointed,6,40,88.596771693922,entertainment,mental_health
V0925,excited,6,26,43.152007501303935,news,politics
V0926,happy,4,51,49.02899541660845,educational,academic_stress
V0927,neutral,3,10,28.56300140802879,entertainment,mental_health
V0928,anxious,4,40,54.93105624858839,entertainment,daily_humor
V0929,angry,6,20,12.822665886712544,news,mental_health
V0930,neutral,1,55,120.0,educational,academic_stress
V0931,happy,4,59,88.39731739424775,entertainment,mental_health
V0932,disappointed,6,18,21.594410216883293,entertainment,daily_humor
V0933,stressed,9,21,111.68814692758542,entertainment,mental_health
V0934,anxious,5,42,120.0,news,politics
V0935,happy,4,24,41.14261577172135,news,politics
V0936,neutral,1,29,65.23180598493639,news,politics
V0937,happy,5,30,62.26872973310164,entertainment,daily_humor
V0938,lonely,6,10,16.681533817533282,news,mental_health
V0939,happy,3,29,49.13665471449728,entertainment,relationships
V0940,anxious,7,19,17.490160646543806,educational,academic_stress
V0941,neutral,1,22,17.671324633427695,educational,motivation
V0942,anxious,5,51,98.28255238843875,entertainment,relationships
V0943,angry,4,11,9.93369734350199,news,politics
V0944,disappointed,5,42,56.56937475728511,news,mental_health
V0945,happy,5,25,41.95697233642859,news,mental_health
V0946,happy,4,25,44.3683927727393,entertainment,mental_health
V0947,happy,4,41,67.43760898146395,entertainment,daily_humor
V0948,lonely,5,35,71.76542048062022,educational,academic_stress
V0949,lonely,4,38,120.0,entertainment,daily_humor
V0950,anxious,5,44,120.0,entertainment,daily_humor
V0951,anxious,7,25,24.40241490063385,educational,academic_stress
V0952,angry,6,20,93.62292933355486,entertainment,daily_humor
V0953,happy,3,13,8.703421917063254,entertainment,mental_health
V0954,lonely,6,17,25.045967319777823,news,mental_health
V0955,excited,5,74,98.33997416505062,inspirational,mental_health
V0956,excited,7,48,52.21118638821167,inspirational,motivation
V0957,anxious,6,10,21.351410448020374,news,mental_health
V0958,happy,3,10,16.13410668266839,entertainment,relationships
V0959,happy,4,37,86.29433758585894,news,mental_health
V0960,disappointed,7,38,45.61494216684877,news,politics
V0961,happy,1,38,20.809055613847008,educational,motivation
V0962,anxious,8,26,120.0,entertainment,relationships
V0963,neutral,2,28,31.95991994711727,news,politics
V0964,excited,6,34,63.82897210520297,entertainment,relationships
V0965,neutral,3,31,58.784497632752846,entertainment,mental_health
V0966,excited,5,10,15.202029698840027,entertainment,relationships
V0967,angry,8,26,35.28967137176898,educational,academic_stress
V0968,neutral,1,17,28.80660031236181,entertainment,relationships
V0969,anxious,4,32,59.83295057691597,entertainment,mental_health
V0970,excited,6,74,90.48998154311887,educational,academic_stress
V0971,angry,8,35,32.743320593367926,educational,academic_stress
V0972,stressed,5,25,42.37037662711576,news,mental_health
V0973,disappointed,4,43,82.26395197259829,entertainment,relationships
V0974,happy,1,37,111.58352261774742,entertainment,relationships
V0975,happy,5,36,70.92469244497079,entertainment,mental_health
V0976,neutral,1,39,37.81529806538676,inspirational,motivation
V0977,anxious,7,60,120.0,entertainment,daily_humor
V0978,happy,4,13,22.970786232597813,entertainment,relationships
V0979,anxious,8,37,44.25285578289736,inspirational,mental_health
V0980,anxious,10,16,28.973787449480337,news,politics
V0981,neutral,2,38,112.39166637550355,educational,motivation
V0982,disappointed,6,16,49.64619101414713,news,mental_health
V0983,happy,3,23,49.336160151064966,entertainment,mental_health
V0984,happy,4,25,98.19215433861605,entertainment,mental_health
V0985,angry,6,44,59.19951654848488,educational,motivation
V0986,anxious,9,43,48.50556776101574,educational,motivation
V0987,angry,6,11,17.373676566069875,news,politics
V0988,excited,6,30,64.48782070986593,entertainment,relationships
V0989,neutral,1,19,57.578004129613426,entertainment,daily_humor
V0990,disappointed,6,11,10.705478154860906,news,politics
V0991,disappointed,5,26,17.432773882413805,news,politics
V0992,angry,6,25,110.75562707207263,educational,motivation
V0993,neutral,1,66,56.7014222250367,news,politics
V0994,anxious,7,36,36.705125796583246,educational,academic_stress
V0995,excited,4,10,12.063919486619795,news,mental_health
V0996,happy,2,21,66.49359348750959,news,politics
V0997,lonely,5,45,120.0,inspirational,mental_health
V0998,happy,7,61,70.11946193236345,educational,motivation
V0999,stressed,9,10,12.517204034146102,educational,motivation
V1000,excited,8,10,12.752634494386738,entertainment,mental_health
